id,frame,x,y,z
0,74,115.456952,177.390506,169.893341
1,24,178.475372,73.487198,71.964610
2,85,210.563951,118.191633,70.494854
3,51,118.593751,177.231484,170.877251
4,71,103.716413,141.590553,225.445797
5,42,149.306054,183.459533,147.379289
6,19,119.091503,109.437345,237.440468
7,88,189.430109,26.436968,3.166866
8,38,174.043813,145.742134,160.422200
9,90,128.250783,33.050363,45.006103
10,82,107.789172,170.817992,177.407605
11,36,180.960376,71.160109,92.060081
12,88,63.028613,99.121942,107.738751
13,77,45.547902,137.180951,73.553380
14,3,211.646345,109.076379,68.616264
15,8,209.004638,70.009755,32.012292
16,76,70.473561,63.534614,72.190011
17,86,119.943017,117.474206,243.497796
18,58,142.564054,62.948406,131.903359
19,66,112.610921,164.996663,184.452567
20,87,208.381389,74.050873,44.308454
21,28,63.078660,216.416984,14.945487
22,63,51.169650,71.474386,47.065559
23,64,208.976837,131.425146,87.191053
24,37,88.755133,80.059747,134.197030
25,67,186.356139,36.862727,3.360972
26,30,25.304996,106.200730,19.039177
27,78,172.951461,56.071603,79.395932
28,68,96.616663,144.817974,203.392128
29,60,158.680229,50.323453,72.912637
30,88,208.310009,134.020080,83.543335
31,53,216.546165,79.245923,45.420728
32,91,171.590351,97.129941,161.584867
33,39,190.103832,113.676867,131.093028
34,61,213.806431,117.113790,73.473796
35,33,104.255225,74.899117,145.837951
36,76,42.872489,127.022929,84.830365
37,61,137.777421,180.122342,160.612992
38,54,108.300958,111.457714,232.527239
39,97,104.640333,120.039184,226.891499
40,96,136.411910,176.295128,157.707685
41,83,72.777028,29.458821,0.190798
42,55,73.572333,24.630605,4.259361
43,60,73.567723,29.347061,6.217962
44,50,150.663423,42.607854,62.757373
45,6,171.334735,61.028164,86.760682
46,92,160.483814,103.223967,194.035103
47,29,215.702418,101.045703,62.105895
48,47,102.343047,113.368569,224.419038
49,48,158.727068,132.969239,218.809831
50,69,167.570403,126.993049,183.115402
51,4,113.361208,169.767647,174.762324
52,14,116.212659,105.007767,234.618187
53,45,110.589387,148.761054,220.018634
54,11,114.489490,57.010729,101.442281
55,10,149.604264,146.390118,208.037207
56,0,117.051560,29.390475,43.109495
57,55,123.718321,156.397498,210.126124
58,94,104.194075,164.489355,185.532697
59,55,171.504869,153.561554,162.819252
60,79,215.633595,96.022076,55.673007
61,9,163.499483,153.931747,165.970810
62,80,209.489483,62.620184,31.271463
63,38,106.877573,57.929615,97.860461
64,32,218.720834,91.408335,55.280222
65,49,111.954143,134.555179,246.966719
66,83,100.467504,161.745877,185.304696
67,6,103.367159,129.898090,232.111924
68,72,201.808482,48.410978,16.398808
69,27,106.036247,143.833603,221.865256
70,17,111.176149,56.428591,103.177611
71,35,46.704082,189.088748,35.759886
72,0,170.610527,90.702856,154.687669
73,77,140.230098,178.212927,150.525559
74,8,200.778689,150.504499,96.334139
75,69,106.116684,30.564091,30.038763
76,27,213.061813,114.470673,67.448386
77,8,155.699217,70.426831,136.569376
78,39,78.382465,31.025180,5.600689
79,28,112.356246,114.278065,227.566746
80,92,125.929570,178.338442,162.344512
81,85,21.218351,114.990829,12.231021
82,3,213.675892,93.077110,50.812557
83,66,195.538034,161.164190,107.399817
84,77,139.976097,121.091316,254.076998
85,38,216.883296,105.550067,67.428823
86,67,103.501398,158.842562,188.808829
87,76,95.029831,58.744196,91.231476
88,93,209.994142,133.167082,90.912021
89,56,143.137118,67.462482,126.081525
90,12,196.512506,38.918557,12.120273
91,54,152.928978,110.145129,222.178118
92,50,133.947699,181.051594,164.196739
93,76,144.976594,182.644466,149.971428
94,97,157.115055,179.845061,141.304599
95,97,143.259812,37.949045,56.384008
96,10,122.893278,108.664597,238.269003
97,44,108.309105,123.382897,235.015633
98,34,109.975530,134.009456,228.044592
99,44,212.895424,64.366755,31.254947
100,66,110.330379,124.553845,238.468836
101,58,124.317932,179.525462,164.647566
102,70,115.493772,173.591374,175.817020
103,86,142.360998,81.825761,176.486198
104,14,209.134755,62.228110,29.292467
105,64,206.362825,64.200402,31.133030
106,71,152.782803,91.990305,185.163821
107,61,17.110558,107.192370,17.187909
108,59,186.264194,136.253621,144.093986
109,54,113.392948,72.987354,148.048361
110,15,106.875288,136.237971,230.352003
111,54,172.584775,94.509127,154.330263
112,19,207.993928,144.813678,98.135186
113,45,94.080705,57.262701,87.832813
114,82,165.084159,159.238266,171.494775
115,12,136.354547,115.321084,250.430707
116,98,134.537422,165.287611,194.210921
117,24,197.897685,38.275869,11.293152
118,44,104.684166,118.299628,220.023843
119,9,214.933388,130.388042,85.887136
120,82,98.538155,23.042977,23.535301
121,66,137.147887,155.377236,213.185475
122,14,117.351658,159.328055,215.751428
123,78,29.401244,103.834827,26.623544
124,71,136.079165,61.053809,120.063339
125,66,145.548583,183.713867,147.527606
126,10,186.101621,123.233512,137.640439
127,64,201.823155,48.577729,20.758632
128,2,176.549489,110.157939,169.943118
129,20,183.305637,145.636014,151.105002
130,85,61.794043,99.568327,105.812373
131,52,128.568270,161.182682,203.833045
132,50,198.930282,48.747857,20.345363
133,64,98.767775,132.015337,213.723895
134,77,117.645901,109.163223,236.264900
135,45,211.038029,114.159350,70.737354
136,60,110.818267,167.452270,174.500266
137,75,150.663258,147.665067,205.137490
138,99,148.580593,157.554968,206.244725
139,83,100.996904,146.075186,195.870610
140,70,110.790307,123.909457,238.385686
141,73,96.622597,133.072841,210.224351
142,51,106.673391,78.309186,150.226177
143,35,64.664911,63.784664,58.228220
144,17,189.530275,160.058734,112.156370
145,45,192.172414,37.708673,11.932675
146,45,216.409505,114.932698,72.982154
147,95,108.978169,148.511261,220.068104
148,63,192.488020,40.482756,12.080556
149,89,111.648208,171.253570,179.719983
150,75,152.960579,164.941821,185.301390
151,75,40.952114,84.493397,39.535540
152,68,208.720132,80.221118,42.458386
153,71,202.517783,61.208525,26.714804
154,9,86.205993,22.806400,11.504675
155,92,154.891530,181.410437,143.139787
156,50,127.973311,181.144619,163.735754
157,12,101.432243,132.489153,212.605290
158,84,96.777058,119.923876,221.042512
159,4,213.282398,108.840974,71.269530
160,13,57.013557,70.429787,54.797766
161,77,134.927933,112.787980,248.319227
162,89,148.985231,164.493565,185.117873
163,76,106.572613,25.573009,22.009393
164,83,136.678010,176.904687,155.227731
165,89,83.090391,22.694396,6.900750
166,74,173.109710,59.158341,83.470040
167,15,119.701967,173.684270,173.376185
168,7,102.131168,159.049726,191.150600
169,61,191.660326,95.801567,118.611144
170,2,22.165310,102.559278,15.179204
171,29,109.176337,95.940795,186.731273
172,72,118.343324,109.231135,233.144050
173,76,146.011812,42.300082,62.184410
174,36,15.948228,117.508352,7.606343
175,59,134.696850,114.223040,249.544404
176,77,95.876473,132.319984,206.595897
177,30,211.164374,133.859881,87.352886
178,21,153.865370,99.325135,189.369042
179,38,134.851884,121.381151,253.884483
180,54,192.661544,109.206032,129.813293
181,0,102.503293,210.935016,66.223975
182,48,199.792133,156.005479,102.571317
183,23,30.158050,94.144680,28.994287
184,43,169.580713,119.853428,176.147162
185,92,205.176429,63.990054,35.836164
186,79,100.974047,29.293508,22.354111
187,75,187.795898,73.466894,104.068758
188,90,180.329685,66.464203,92.384592
189,70,110.211056,112.542445,228.250800
190,41,207.789454,139.412815,90.213021
191,57,137.726898,164.969976,195.900496
192,62,211.227205,74.015698,36.682415
193,56,104.250630,122.341925,219.845662
194,21,125.023407,148.178560,231.440979
195,43,145.500326,44.974790,61.381242
196,91,174.362701,150.919515,161.366937
197,79,106.449123,134.466033,228.067206
198,68,72.167203,122.459269,148.495930
199,38,213.961988,102.947502,63.954596
200,92,99.727847,146.812286,198.007828
201,8,171.479508,57.600097,88.770411
202,14,174.153518,103.485414,164.067253
203,57,175.261310,175.075271,129.002916
204,4,208.763945,58.532475,21.288414
205,13,117.813137,170.290524,169.428498
206,47,109.863826,163.311466,184.119490
207,85,98.019119,152.094309,195.820280
208,46,174.074444,102.162643,160.340111
209,72,132.408257,114.512007,244.929324
210,20,145.702814,166.828890,184.228139
211,36,128.265527,110.436024,238.273596
212,19,154.900516,44.623061,61.385542
213,35,71.708552,61.472268,69.391126
214,66,48.523770,196.099667,32.089600
215,76,192.785641,116.230586,134.485381
216,71,115.337499,151.690206,212.742827
217,62,98.396574,122.192192,220.427315
218,3,112.209403,163.433206,179.186024
219,2,136.820393,169.712125,189.884437
220,78,129.181167,113.482686,248.482850
221,24,79.672106,85.044760,130.568366
222,50,210.264332,88.564109,47.215702
223,12,199.660614,40.105926,14.764584
224,86,146.735140,153.407269,214.301775
225,88,210.931973,62.112889,29.108406
226,29,127.858492,172.504058,168.060730
227,20,140.544530,67.145352,127.066825
228,90,189.884412,165.289196,114.472857
229,82,127.615457,111.934346,245.484943
230,51,187.874937,122.138171,141.756120
231,48,178.422191,142.964859,158.456734
232,56,134.244830,177.923595,163.074607
233,70,53.648490,72.941132,56.422216
234,74,122.661066,159.414482,210.148105
235,35,211.584911,131.245360,87.906584
236,84,168.234505,87.578820,153.056613
237,43,217.369922,110.671247,70.472000
238,1,118.359011,170.034785,179.684314
239,81,155.873618,102.149320,191.910658
240,91,105.480521,113.057674,221.099834
241,82,78.054671,29.632505,7.270254
242,48,185.898987,120.895899,135.064600
243,78,102.177076,59.775350,93.162386
244,58,175.072929,144.778970,159.654955
245,42,50.161199,190.531077,37.793813
246,27,138.978598,182.152471,156.298695
247,48,204.209274,62.585695,31.003400
248,92,114.807903,156.979543,213.000369
249,23,137.224758,116.441700,250.148416
250,10,109.621670,151.675762,215.065495
251,49,114.114837,113.514906,235.217286
252,8,207.723071,75.555798,39.650637
253,35,108.892992,94.391988,186.947667
254,44,156.211879,176.867439,138.148671
255,2,60.292143,101.254105,101.784774
256,85,106.920409,150.264058,216.966776
257,76,210.956977,77.760046,45.152090
258,17,77.229488,113.253197,152.134419
259,6,37.945879,89.522643,41.042274
260,40,61.895723,219.980420,11.371479
261,67,186.368436,159.842609,110.328293
262,56,50.283754,73.028128,51.499563
263,50,106.284134,161.987585,191.292147
264,18,214.348630,112.483542,68.155374
265,32,151.152834,164.940150,178.660274
266,42,192.429065,123.754052,140.691835
267,9,201.959643,51.871330,18.300761
268,91,141.733074,125.767706,254.474712
269,39,173.828244,66.325944,86.698274
270,30,161.179637,110.718615,198.809066
271,77,211.320651,69.198817,38.289354
272,4,212.625800,109.218704,69.786349
273,58,53.421328,69.517827,60.765121
274,56,111.095610,115.056763,247.020132
275,0,134.283933,166.078144,201.972903
276,33,193.338849,156.091555,110.642658
277,21,109.434460,169.354364,178.155829
278,36,142.302620,184.607286,155.937894
279,85,129.170816,179.382068,163.933655
280,47,75.082001,62.616733,72.477040
281,48,118.161980,111.491457,233.763313
282,49,117.827458,109.630434,229.752995
283,30,193.656617,41.702712,16.128665
284,24,209.392247,129.730546,76.749901
285,97,44.578742,137.080866,70.541372
286,58,189.184169,102.947182,121.067279
287,27,214.074759,98.487993,63.624634
288,73,57.489745,105.875491,106.595546
289,2,148.630592,158.568933,213.275668
290,47,100.227954,151.776547,195.026695
291,44,115.688851,116.835586,240.728533
292,19,99.693334,137.547880,206.912121
293,68,61.144074,106.761756,106.474271
294,20,144.908502,167.544419,191.545974
295,22,123.199380,29.518958,39.538951
296,57,173.033597,175.282683,130.669815
297,95,97.741641,138.542360,209.811383
298,33,218.199867,102.215699,66.140962
299,95,156.686221,46.449823,73.580784
300,77,142.737555,33.559524,57.076729
301,18,212.098815,80.895896,47.461186
302,89,190.160807,37.261098,2.139407
303,55,213.403974,121.942537,80.604855
304,20,158.326491,83.688939,142.137372
305,45,214.611208,93.200651,59.843335
306,3,150.787452,69.210782,135.827099
307,58,169.344225,175.838323,135.834216
308,14,47.667015,182.094446,44.065473
309,32,120.051990,111.075691,240.767422
310,40,107.059462,165.869103,177.403670
311,28,168.257156,135.770847,188.920359
312,35,146.445382,179.543694,148.970834
313,93,66.094358,218.440183,4.710829
314,94,205.351354,65.668001,38.470991
315,45,162.884472,122.609566,211.635244
316,90,210.196181,88.800870,56.229162
317,33,209.648731,68.834961,39.992679
318,95,189.182393,34.321196,3.156962
319,3,132.496458,149.403364,237.868987
320,69,205.208921,132.872782,85.964386
321,52,40.820867,153.483675,66.916204
322,74,187.111486,93.907151,110.888664
323,53,153.448037,183.964427,142.828276
324,24,164.359673,177.502435,133.124667
325,55,213.934769,133.028849,85.542619
326,85,35.447763,86.755820,39.271176
327,41,110.372028,52.580890,99.436995
328,37,212.169775,115.826647,75.716351
329,88,149.483211,138.367430,222.631712
330,82,66.343040,227.042544,1.502051
331,1,146.812357,167.226708,188.828260
332,92,120.179792,111.158183,232.874361
333,85,135.068897,59.530944,115.437649
334,77,194.759107,104.802006,123.256261
335,55,16.565828,112.048319,10.485984
336,68,106.044268,118.678077,219.593032
337,36,213.380720,101.107105,64.483063
338,50,169.760801,135.165999,191.012623
339,30,113.748082,109.850052,233.044327
340,34,102.601441,92.430271,179.118147
341,30,34.012285,91.282743,32.150338
342,80,98.575096,59.000800,87.360036
343,7,165.627742,232.773865,21.984787
344,94,100.552004,152.398373,193.208963
345,69,195.473794,36.202173,7.926050
346,60,79.876902,87.773306,125.920544
347,68,144.582283,60.373892,122.483417
348,84,77.292096,25.613314,8.718227
349,3,171.073589,175.980638,126.412852
350,16,185.814086,124.409610,136.156092
351,28,143.119988,179.822392,153.454571
352,4,191.888105,30.190843,2.208746
353,75,214.452114,104.389213,58.782663
354,97,105.367188,25.125562,23.486988
355,98,182.784432,140.051090,147.412813
356,0,150.154493,183.929270,147.626784
357,31,134.438721,180.935563,152.185842
358,16,108.753584,163.705885,186.842456
359,42,97.911258,129.230529,213.131024
360,43,135.300746,112.610555,251.385606
361,2,183.570716,169.804210,120.753090
362,26,159.731347,107.486787,198.987310
363,69,19.641550,118.119929,3.210476
364,48,112.649666,119.441775,242.576713
365,16,152.064218,181.890474,142.230163
366,95,212.834824,117.356524,72.723662
367,11,103.311982,29.481199,31.597562
368,43,119.496626,57.149225,110.421846
369,80,193.257868,32.963999,4.970014
370,83,111.781950,115.429237,228.352687
371,38,138.338932,165.943102,195.782087
372,83,206.278019,53.093817,17.505578
373,20,195.563099,44.830801,12.972852
374,83,139.532572,35.669431,55.598890
375,54,96.992120,153.425238,193.893443
376,1,128.847040,58.414166,112.786335
377,39,163.748640,114.227016,198.911619
378,60,182.747575,76.647795,101.547913
379,52,116.012864,23.486369,34.173718
380,20,169.816058,60.622684,83.872928
381,49,112.962121,170.073043,178.608761
382,53,181.700348,73.793614,100.028828
383,88,182.872894,78.747752,103.350707
384,60,94.617204,147.280200,196.574203
385,60,114.248072,171.643527,173.239700
386,45,102.025155,158.974881,188.282993
387,75,186.591721,113.859529,130.259014
388,85,188.156474,104.356068,117.281155
389,50,187.459340,124.166655,134.629250
390,52,31.051197,88.984239,34.703913
391,91,115.433868,165.326862,175.663841
392,53,80.691489,22.643432,10.323888
393,53,102.377853,134.355463,229.379295
394,22,208.866717,52.537254,20.906200
395,42,180.491874,71.892360,102.629815
396,95,159.849200,46.143239,66.060022
397,57,188.560887,100.394386,117.219353
398,17,104.684181,159.699043,189.386608
399,12,127.126768,31.082512,44.946075
400,1,77.517227,116.655806,148.096695
401,34,100.910418,120.956043,221.906235
402,48,95.535663,132.246137,215.576232
403,2,117.484790,23.968195,33.069110
404,20,178.691118,145.925198,157.725040
405,42,162.225854,84.906219,151.214817
406,65,167.816739,129.342515,188.150370
407,47,102.837473,117.162972,222.776222
408,1,53.239735,198.569332,30.354028
409,43,210.044360,66.469328,36.059022
410,76,207.717755,65.062055,31.061156
411,56,211.301747,126.587780,78.235234
412,90,134.962071,176.697718,153.469842
413,52,101.898215,152.772077,195.560422
414,53,127.133079,164.724247,196.887971
415,69,111.587558,140.566717,237.489962
416,26,191.251221,96.568906,117.417439
417,44,185.725071,172.859868,119.941447
418,77,72.221943,172.725799,107.761766
419,19,126.792568,28.386075,41.436214
420,91,191.154827,95.871166,119.102706
421,63,188.554665,122.488447,133.460996
422,70,179.408750,169.547866,129.311812
423,92,126.916811,30.547315,49.219475
424,21,103.626226,141.222623,220.546666
425,68,154.764517,163.232586,172.232343
426,76,127.256226,161.896928,198.807027
427,63,55.704769,199.574655,22.623171
428,35,119.296657,158.281024,207.087386
429,52,112.147303,77.724077,155.666511
430,1,103.321558,127.496947,237.918913
431,83,115.638123,172.398998,175.435336
432,86,101.166253,115.428482,224.920804
433,20,129.764056,27.133081,45.468892
434,25,217.813660,97.891200,61.319264
435,13,211.399543,89.032360,53.981684
436,8,202.210190,143.353018,89.598414
437,77,151.070059,76.339904,137.582694
438,65,107.608973,111.734323,227.643206
439,70,186.906162,164.470564,111.994577
440,67,112.026253,171.986404,171.057768
441,47,213.094194,96.608474,61.219877
442,59,210.953707,79.458353,43.196732
443,9,112.070977,166.516862,180.750019
444,35,101.311185,132.176745,231.751019
445,30,118.527763,109.968374,233.148536
446,38,117.982197,162.881186,207.167811
447,12,115.791234,146.505268,233.948810
448,86,149.145608,37.174458,61.457212
449,37,202.435195,145.938979,96.715302
450,16,141.014053,121.291636,250.011254
451,51,144.284908,35.719792,54.143133
452,2,104.790892,98.491723,178.415826
453,91,173.936775,171.687297,126.672112
454,88,148.457032,126.792398,236.119934
455,11,35.799740,85.654356,39.616340
456,2,120.956276,116.958204,252.502043
457,95,110.632461,57.200344,99.748776
458,13,43.038075,72.210495,50.868552
459,88,183.903829,132.138101,140.511363
460,48,134.280646,110.839757,247.278489
461,93,215.736075,92.573409,52.066130
462,9,198.011721,157.694404,103.621058
463,96,105.032629,53.761901,94.672148
464,76,164.090759,92.712061,153.903712
465,26,117.870557,112.067316,243.919064
466,19,105.953089,116.207823,225.328951
467,31,171.714245,155.984285,160.112689
468,85,150.346366,69.387534,134.054408
469,82,182.237718,140.170787,151.174599
470,10,43.731908,151.502170,68.915068
471,11,188.923262,109.768602,128.259677
472,71,204.062531,61.581606,28.226408
473,16,147.419822,146.518296,228.527224
474,52,142.284558,114.803177,255.736102
475,82,212.322895,98.608162,63.127508
476,38,157.410593,114.173352,197.018708
477,46,191.395568,160.159275,114.132024
478,98,130.852871,145.381536,251.046982
479,81,125.746088,30.332187,40.378301
480,28,171.141610,110.865706,169.275339
481,81,194.459451,149.351327,99.695724
482,3,206.441401,59.393377,26.551373
483,30,105.138234,26.152827,21.794789
484,3,213.949742,120.781886,70.261602
485,17,164.621206,174.758080,136.946552
486,82,204.359198,51.873404,22.814928
487,33,111.337538,164.012093,179.050405
488,89,201.897909,153.047399,105.384238
489,39,97.730960,148.671589,196.525954
490,59,57.857561,97.541878,108.541585
491,35,213.503590,89.417465,54.798545
492,50,122.064221,143.700901,246.329328
493,97,168.025931,122.649697,174.748449
494,62,45.052047,75.146153,50.468043
495,5,165.720547,158.616069,167.021972
496,52,188.135024,81.352415,106.887255
497,18,94.025946,147.760533,199.360532
498,78,204.525004,145.398338,101.917729
499,14,103.298400,144.149664,223.283508
500,43,178.769061,171.863821,126.160791
501,47,172.717750,125.459304,180.395335
502,87,184.244154,75.192703,98.872922
503,72,193.574103,120.556367,132.000579
504,92,148.187130,176.964264,148.310398
505,11,182.762031,68.986838,88.466813
506,41,125.703273,115.689771,254.772328
507,5,169.573930,62.239885,85.128932
508,47,171.602733,58.132047,92.480086
509,46,103.032262,143.074806,219.375575
510,6,172.492744,120.038620,178.121312
511,61,109.739239,163.313163,179.684720
512,81,71.801626,30.274771,3.067669
513,29,130.150924,34.669325,52.708013
514,79,151.840796,184.974713,142.413103
515,49,191.039886,33.540761,2.359410
516,26,95.401785,126.720949,210.055039
517,7,93.826362,133.342662,211.201232
518,35,56.030500,72.277682,53.801665
519,39,211.202867,110.352880,71.088355
520,82,152.080190,46.798991,65.697055
521,25,90.712477,25.051991,10.018342
522,53,112.993059,122.101780,238.440594
523,49,209.468323,139.283854,89.821625
524,79,107.338981,162.823424,191.481940
525,9,187.213638,87.924675,112.731986
526,19,190.804753,36.501296,13.407237
527,7,151.250864,184.099058,147.914587
528,4,169.200901,64.633393,88.921540
529,87,102.138663,128.801330,234.748566
530,37,50.272840,199.064055,28.667400
531,69,194.331257,41.316552,8.505941
532,51,93.572576,136.934934,212.406613
533,78,166.370399,97.350871,154.121435
534,65,217.285033,93.438189,58.603380
535,13,131.731810,111.803436,248.982386
536,47,171.894088,100.586224,165.070270
537,16,47.761376,81.686079,44.198396
538,29,160.117630,157.690680,172.226681
539,88,185.238389,84.631749,103.141729
540,15,106.104393,112.633922,227.341981
541,29,52.291222,77.553655,51.327175
542,56,209.449161,76.870763,41.326677
543,78,165.622797,58.414895,81.960257
544,73,145.894554,158.358957,214.645060
545,49,123.127950,115.349560,253.902105
546,90,101.409421,148.867079,197.467592
547,45,198.991341,158.912962,102.945348
548,31,44.694364,175.821520,49.492288
549,58,97.622931,123.418378,215.376063
550,4,214.608009,109.644541,62.938583
551,9,111.338700,112.793918,225.910753
552,76,128.842839,175.407740,161.067369
553,82,187.438323,162.334763,116.483797
554,86,184.731995,74.225219,104.485300
555,98,63.320817,68.067558,66.649680
556,99,118.929177,116.674461,251.244128
557,27,116.955908,163.135479,208.826082
558,78,128.979118,110.337084,237.906232
559,23,126.476324,165.870232,202.399755
560,46,132.358170,112.363734,242.890920
561,9,150.847729,85.772340,183.148716
562,85,142.300893,38.495298,56.383234
563,19,141.623094,161.970718,185.194124
564,84,160.792695,157.815077,170.234434
565,3,150.201650,177.389360,151.116203
566,18,95.169300,27.402805,18.733048
567,16,216.934840,112.591282,67.174415
568,41,157.255767,144.141262,197.015106
569,82,190.888843,125.391649,136.127011
570,34,36.351197,85.960282,37.615236
571,86,105.262244,162.892830,180.703963
572,75,212.335809,119.452320,78.155602
573,33,171.935479,107.669150,171.745653
574,32,170.976395,175.860089,132.111846
575,51,115.603903,25.759188,36.663665
576,16,148.131144,149.112668,212.684355
577,51,192.517276,162.765020,112.636361
578,16,186.018303,136.704697,144.005261
579,32,122.254501,58.332936,111.637997
580,4,189.293359,91.497687,113.707878
581,66,154.833299,96.236506,189.473996
582,22,77.170344,57.837099,77.523048
583,50,150.060861,180.103852,149.805207
584,80,119.784078,159.978794,205.308593
585,54,133.534329,30.945390,47.179863
586,60,95.996825,137.599071,206.292284
587,91,122.401173,180.230905,164.233362
588,33,178.745806,63.909977,93.359187
589,57,206.581319,142.535619,91.983437
590,2,103.163716,153.542706,193.750692
591,9,120.968471,149.189866,232.952887
592,67,127.204892,94.213982,200.389974
593,46,151.390908,44.907464,63.245599
594,58,128.512794,30.211442,45.298072
595,13,200.186508,146.780992,97.626436
596,93,212.173295,123.772761,74.822554
597,9,141.887643,182.080576,155.694746
598,90,193.731868,118.478929,131.038884
599,76,100.114522,135.004876,209.868356
600,47,201.095712,51.214501,26.091022
601,5,135.626518,180.452566,153.724276
602,16,102.394310,123.087334,210.065476
603,72,208.006921,130.319422,84.278734
604,29,211.499769,87.858496,46.411264
605,47,142.474636,69.105231,129.678215
606,91,213.192875,91.961303,55.861341
607,58,129.284765,175.327061,161.050927
608,20,118.149351,159.529317,212.229362
609,49,122.447224,117.487323,251.611352
610,30,128.275795,228.089610,47.564896
611,72,107.547983,114.008676,225.586702
612,81,96.974788,28.683179,17.681933
613,21,87.180963,28.510747,14.851059
614,15,48.707397,128.263563,80.526696
615,49,152.410567,44.219379,71.909535
616,60,151.558483,177.802105,140.734163
617,36,169.196500,58.836351,85.810053
618,78,140.221008,166.739607,189.816583
619,21,170.375592,55.291115,77.804321
620,19,207.990719,63.305434,35.025632
621,83,149.552228,43.895962,67.902652
622,75,115.608637,54.953081,102.092208
623,90,202.682689,44.248246,14.530707
624,5,201.477754,48.303401,21.849480
625,55,211.722871,85.999091,50.101690
626,59,176.299985,64.750958,88.526429
627,46,121.057709,179.334620,168.657418
628,91,16.182938,126.373972,4.117232
629,97,171.549087,172.705735,131.639021
630,75,117.922541,158.233425,207.308545
631,17,179.572595,174.274288,124.046443
632,13,192.411494,94.181824,114.619641
633,23,99.898247,211.510955,69.599675
634,22,180.905049,73.197505,101.582897
635,53,146.383091,65.942883,125.278593
636,71,104.410711,111.177285,227.383112
637,55,203.251778,47.782432,17.687990
638,86,172.488411,96.360483,154.568283
639,37,161.952701,112.912843,199.855921
640,24,215.749686,86.813247,52.441826
641,34,51.790854,118.818938,90.253653
642,74,185.841048,142.006722,150.012762
643,56,216.493408,97.653018,59.341678
644,5,143.466411,65.699528,118.897406
645,30,184.689946,144.855701,154.756396
646,49,136.340063,116.448527,251.080791
647,52,169.756967,108.011845,168.204925
648,0,124.924837,164.876839,201.721006
649,38,215.246686,127.831851,81.220144
650,53,194.474987,31.720031,9.243298
651,36,136.995161,115.993148,254.524616
652,94,102.610721,134.936454,230.366925
653,77,45.176680,188.755702,35.880765
654,76,116.257715,111.232645,232.746144
655,23,118.873239,170.744771,169.876912
656,41,112.912426,173.036887,180.912395
657,37,12.883361,121.555328,4.166109
658,98,116.480198,106.711445,231.768589
659,9,137.367801,33.122616,52.679685
660,68,155.281479,47.975333,69.114921
661,64,169.775671,155.384938,163.362868
662,30,196.650734,161.603934,106.450739
663,34,118.208748,26.166291,38.999612
664,87,149.047570,184.359289,145.486568
665,36,205.750299,63.471779,30.821848
666,64,188.960214,34.305921,7.567602
667,92,90.234458,30.327487,14.339958
668,33,79.573829,27.592761,7.223855
669,95,41.780393,169.733852,53.331561
670,99,95.181418,134.983870,209.757246
671,7,177.120175,173.328279,130.221082
672,59,174.380566,68.841637,94.602408
673,81,165.159132,52.575416,80.349630
674,69,115.987493,138.488840,244.871693
675,18,83.311689,23.093991,3.440919
676,96,120.339329,177.374241,172.247305
677,58,117.334210,171.475339,175.122305
678,1,133.789962,107.854254,245.211575
679,68,179.649676,174.303847,129.759103
680,1,188.043980,111.685798,126.523026
681,67,200.438246,153.222541,108.344463
682,47,161.842164,85.148022,141.129189
683,32,122.104648,181.732556,164.386125
684,99,165.001669,157.609479,169.151197
685,18,123.570330,114.923338,253.915791
686,82,20.030759,117.009140,10.739496
687,74,143.258299,176.717057,148.077840
688,26,181.353912,69.191885,93.059829
689,0,208.615355,122.207227,77.533414
690,62,129.485929,116.039677,253.264715
691,65,156.664078,182.775109,146.835840
692,25,114.436665,134.467272,242.394488
693,13,181.900485,138.390648,151.327055
694,2,131.880205,161.345164,197.855578
695,55,187.998162,137.625960,150.195668
696,73,125.618126,176.402539,172.579870
697,61,168.282034,91.722563,150.489881
698,20,101.056300,125.919699,210.580911
699,71,208.971548,133.618279,84.847525
700,51,195.514171,43.203903,14.309482
701,51,114.331278,110.231136,228.886509
702,11,110.426151,128.256655,230.657107
703,13,204.314838,147.856630,101.878068
704,31,166.873669,156.876422,166.361660
705,81,154.144091,160.117615,178.929227
706,43,180.416312,167.531711,124.900203
707,75,183.769322,76.135165,99.247116
708,55,203.149585,151.408954,94.191915
709,6,144.937072,65.101487,124.604279
710,57,149.099167,43.951967,67.825619
711,94,207.921321,76.135839,43.219494
712,91,100.026661,147.219824,202.334573
713,40,134.011707,184.610252,161.402175
714,29,171.044875,53.393271,82.794282
715,71,109.901285,167.228336,181.359966
716,14,201.962578,47.542443,23.760981
717,50,190.868348,167.227656,116.059261
718,99,114.355770,134.257405,243.108735
719,37,42.435002,128.620034,88.368134
720,25,81.116900,23.255298,5.487021
721,55,192.233233,95.366007,114.452384
722,10,30.802916,100.571634,26.998945
723,48,189.481310,110.546701,131.480390
724,42,60.890738,216.267180,10.899444
725,88,209.524425,121.711170,75.704310
726,95,197.973775,148.725178,101.004930
727,37,167.719041,159.668272,165.397450
728,10,40.679937,82.956223,45.478551
729,0,135.826566,64.603122,121.554593
730,51,160.360479,179.890487,140.361954
731,68,103.455497,29.838920,27.708685
732,60,64.355745,64.330262,62.833998
733,70,191.769458,40.160451,12.328953
734,88,129.369921,33.111771,41.623898
735,1,163.119566,82.956771,150.578422
736,34,47.429280,119.526206,88.241005
737,91,160.811995,161.633926,173.399757
738,86,183.319918,71.259061,98.921580
739,88,195.374673,42.666009,7.034570
740,88,85.829769,27.997606,12.166028
741,97,106.320616,167.182297,187.871044
742,31,131.599933,114.543142,245.945173
743,74,81.040074,54.282725,78.556390
744,70,99.731391,54.252222,97.603922
745,20,156.500432,162.002715,182.343577
746,69,97.320367,130.065020,212.963467
747,24,107.443560,119.445782,220.795907
748,12,27.899721,107.295429,19.412935
749,53,155.687343,49.518697,70.018763
750,11,215.951179,112.933161,65.947668
751,60,133.544477,161.655050,194.186404
752,94,174.596114,150.010407,154.229320
753,28,190.740935,119.130289,133.084815
754,85,136.658616,164.822546,187.153495
755,93,179.163031,77.051813,96.891657
756,67,198.177035,155.562579,110.970170
757,25,162.290617,53.864124,74.294365
758,46,47.288063,77.471684,41.332768
759,77,148.930162,180.519714,146.030990
760,75,141.155212,85.553405,177.391028
761,42,165.381425,83.125288,153.889826
762,58,147.211569,178.517006,149.094282
763,66,101.131844,140.439548,230.377936
764,18,118.650614,161.067620,207.654146
765,94,164.641101,159.648460,168.561082
766,99,121.560329,163.248676,198.813658
767,14,140.462500,116.217300,255.774237
768,83,75.851650,28.958175,7.383710
769,18,150.446504,47.672501,69.929694
770,33,128.695430,34.337633,43.902994
771,49,126.824267,34.022236,43.326104
772,59,168.330616,178.694594,133.236170
773,3,114.705108,173.320723,170.144598
774,13,53.134422,195.330791,33.193521
775,70,113.712195,109.020470,231.056109
776,76,54.812292,192.863170,32.596752
777,77,190.786285,121.158293,138.546380
778,42,126.546777,176.739603,166.658101
779,45,125.410006,154.769334,224.071779
780,44,190.280730,129.951337,135.627567
781,49,189.837268,38.918740,9.010479
782,55,44.858065,177.856804,50.705280
783,8,149.186887,169.348975,183.480893
784,72,137.126666,121.373782,251.538157
785,8,193.200131,151.443314,108.514302
786,65,171.960680,55.026932,78.812761
787,78,156.932831,135.250041,222.233696
788,22,89.386591,27.804285,16.626142
789,42,158.908821,46.959920,72.688995
790,38,107.018205,146.968322,219.335523
791,55,166.198403,159.009878,167.803685
792,14,91.004450,54.764977,84.343609
793,84,98.289222,143.942634,200.613736
794,53,120.871017,32.897588,35.922460
795,85,189.414313,130.094621,141.131298
796,44,178.458003,76.093661,95.384133
797,29,125.510427,27.938300,44.888705
798,55,146.602490,166.642150,181.105286
799,12,134.157084,166.560633,192.548821
800,74,110.034340,24.360010,33.555864
801,24,203.541838,52.923479,25.082454
802,69,214.908150,81.642230,46.284593
803,93,140.699080,115.596160,248.479980
804,63,142.512611,81.532944,174.007825
805,89,121.358410,33.963005,43.990251
806,39,136.524427,122.740754,253.530332
807,70,187.734570,124.142696,136.564163
808,75,116.016950,129.214130,250.209619
809,74,116.405292,174.180703,172.762004
810,69,214.619105,106.937982,63.337610
811,57,158.107991,119.425431,209.492894
812,43,191.338697,157.546544,105.948967
813,28,216.283340,78.323276,42.861725
814,31,217.722383,88.847194,50.733594
815,50,158.586466,41.383299,64.265139
816,10,206.094405,70.482195,34.507022
817,10,42.348384,147.500173,68.005035
818,23,209.485430,115.428636,71.917420
819,6,190.215643,34.681503,7.768206
820,51,215.684740,100.449574,60.098161
821,43,117.429854,107.015240,239.687054
822,35,18.292584,122.700956,6.932437
823,0,201.576290,57.213064,26.572453
824,94,212.149288,79.599080,41.618967
825,83,20.168314,112.570203,12.660080
826,56,117.523873,167.532710,177.718674
827,34,113.318611,134.750771,238.590726
828,95,156.673398,179.723625,141.740361
829,36,86.546626,25.515561,14.748780
830,74,96.066259,155.301080,198.273389
831,21,152.692105,139.697108,222.797359
832,73,100.695578,146.651803,195.397353
833,52,196.045942,156.251211,107.700195
834,58,178.505041,63.170750,94.558608
835,39,109.410825,27.697045,36.526812
836,31,185.287587,87.392471,107.782665
837,82,50.495394,74.337135,50.356662
838,86,205.291102,147.992991,98.237006
839,16,100.097248,136.227283,209.978420
840,79,56.734267,204.572270,27.033435
841,77,44.103307,175.363746,52.311864
842,79,98.075193,25.353288,19.291090
843,77,196.732504,157.155365,103.441455
844,60,80.026279,27.751576,7.914528
845,96,123.357951,26.151985,41.363487
846,22,151.327197,182.105440,145.085515
847,63,97.006563,125.673232,213.423641
848,15,148.296276,180.029537,145.947442
849,69,193.467309,35.405036,7.510581
850,26,162.316338,80.820870,149.468533
851,0,188.209033,79.952196,102.316442
852,78,60.077714,69.955341,65.610574
853,52,114.769998,119.516511,239.959517
854,35,111.517558,136.953960,242.075911
855,78,129.329533,30.339885,41.461903
856,83,190.645354,32.150509,4.444621
857,24,94.093467,29.854235,14.599503
858,25,98.529766,155.177542,195.099330
859,98,84.346208,28.924660,11.498525
860,54,111.607650,137.215983,243.136147
861,39,112.360771,173.484258,175.686959
862,69,193.643460,37.277246,11.411137
863,6,215.271730,81.829086,51.657580
864,21,99.363609,131.447972,206.922841
865,84,184.853646,81.976491,102.037595
866,98,208.278201,119.209226,76.098453
867,50,106.398242,169.661455,181.256480
868,51,108.010328,116.617945,227.965773
869,67,189.427357,103.641343,120.865882
870,97,188.624690,75.422864,105.152034
871,55,41.335985,157.152976,58.992269
872,89,148.792313,36.584871,61.666941
873,93,98.641674,135.286030,205.533662
874,93,110.971703,114.328361,231.278906
875,58,169.874946,124.138126,180.775973
876,16,185.219794,130.801761,139.274675
877,58,57.222585,215.349712,16.872966
878,52,160.374896,77.848693,136.562690
879,72,113.414677,136.696812,251.767523
880,21,200.550661,50.853730,22.514960
881,58,189.500746,87.078375,107.432681
882,53,69.532499,59.336249,64.981645
883,34,151.704487,182.469341,143.971136
884,94,155.429250,42.021272,64.413507
885,71,156.485416,44.233382,70.964518
886,59,81.972183,30.756509,11.611860
887,13,170.914566,170.878865,127.232496
888,53,135.105121,63.500134,118.931407
889,25,97.026523,138.691890,210.710833
890,0,92.923881,141.944479,206.691655
891,40,216.618134,99.250824,60.741766
892,52,83.816073,57.328093,75.526455
893,70,191.092733,105.192811,122.585124
894,66,116.555110,57.924117,108.603112
895,65,140.105550,179.605054,154.190418
896,73,136.612044,32.269172,50.272740
897,18,179.549836,145.408777,154.145649
898,6,123.578341,57.746866,113.237830
899,18,210.573388,90.213609,54.555044
900,24,116.120172,139.887254,250.722872
901,10,180.961432,76.482566,99.353387
902,23,178.604242,72.052433,99.156345
903,20,195.134776,39.865978,11.087785
904,56,214.506173,127.803744,87.280190
905,29,96.852895,30.155701,21.477671
906,41,185.010087,89.583287,115.424301
907,56,186.281920,35.163263,7.480680
908,90,95.173328,135.677904,211.462592
909,13,140.579726,38.637446,56.166113
910,58,186.519429,81.193936,110.013351
911,5,97.397496,27.074002,13.340195
912,92,132.557739,83.773640,169.085105
913,30,200.422914,42.414192,16.630030
914,32,212.147108,132.486834,80.190885
915,75,95.158704,130.426742,207.058405
916,75,166.727187,48.082999,75.065087
917,64,97.796567,143.282201,199.112388
918,58,212.652941,124.078870,83.390065
919,22,158.206084,129.988042,213.898710
920,10,104.370755,25.864311,22.261960
921,54,114.497057,173.000980,177.302363
922,80,188.167936,97.655682,118.650303
923,34,93.258761,135.279532,205.626696
924,16,98.177548,130.121868,208.502620
925,29,138.748094,37.110019,50.138929
926,43,157.208644,179.405634,145.848161
927,53,191.948613,164.323726,107.310677
928,55,85.545215,83.004211,129.714193
929,77,125.402611,166.628420,200.505455
930,18,175.878263,121.141093,176.599824
931,83,106.017924,118.075730,243.991655
932,34,63.032610,217.329568,11.887550
933,97,214.050008,89.564931,48.658123
934,97,194.667354,38.411741,6.908655
935,30,171.178402,97.396562,159.778891
936,79,188.975808,102.459642,126.428016
937,80,119.946290,30.405166,37.853028
938,92,116.912573,28.192938,38.354987
939,28,200.864019,41.053725,19.564942
940,22,71.222833,96.536942,112.313946
941,84,64.634781,65.013293,60.540167
942,98,213.648530,105.291767,62.880172
943,79,41.325939,141.395790,65.973022
944,42,155.009833,161.675996,175.379374
945,84,110.856584,156.687244,215.677075
946,15,121.295941,145.454167,247.003071
947,68,123.014882,31.040130,36.349667
948,18,140.600070,163.055271,190.963670
949,60,131.862620,108.439490,245.180697
950,45,165.368469,48.278684,75.624520
951,83,126.974585,161.136569,205.597204
952,49,135.436968,116.994297,249.129186
953,85,194.533050,116.939689,131.283147
954,23,74.151158,29.445619,0.423951
955,22,147.029600,164.524631,185.403154
956,33,136.223624,118.019438,248.637076
957,76,183.785061,143.951039,152.585335
958,92,130.105149,112.455002,250.232247
959,27,207.891467,67.388144,32.967697
960,55,98.533527,148.621964,201.892045
961,36,130.606450,154.518892,228.912003
962,23,213.586331,64.032581,35.676010
963,66,158.929407,160.828399,169.655478
964,54,96.280890,123.893505,217.118488
965,12,181.690135,74.628227,99.662543
966,29,160.329883,131.610104,215.830827
967,21,143.254963,149.125662,232.104521
968,17,73.633894,28.486680,2.113517
969,38,190.063662,165.535821,111.224024
970,20,39.048132,140.814511,71.594757
971,47,207.954615,137.338721,91.212676
972,46,128.740230,112.392615,240.036619
973,73,217.307988,96.503454,60.166198
974,75,208.415940,126.710194,83.998119
975,12,197.770192,45.303296,16.090983
976,82,56.951766,104.852298,99.841207
977,57,166.941238,92.210274,152.372797
978,67,113.675825,134.629316,246.701812
979,27,130.274006,56.032520,116.523556
980,3,107.083749,138.325116,222.130069
981,95,84.305865,27.705424,4.979289
982,58,111.084280,120.797264,237.503787
983,29,202.613906,60.996316,24.704982
984,30,187.623869,122.825663,133.424741
985,64,205.841545,53.376307,23.984283
986,67,199.441260,41.613601,14.771904
987,94,108.213081,160.761403,182.038986
988,48,179.717621,67.108817,86.078080
989,45,158.951379,49.053362,75.680154
990,14,174.996581,66.383481,93.351303
991,22,215.400196,114.009777,71.576015
992,27,170.198805,152.133285,161.329824
993,75,52.775380,115.049010,89.607965
994,17,199.109957,52.510297,24.655553
995,33,213.817575,118.020902,77.242594
996,72,104.907618,122.965293,218.306686
997,28,184.072949,94.636384,113.582644
998,28,107.155683,113.657401,225.343211
999,98,130.608419,30.301483,47.371790
1000,34,118.043686,162.796740,208.101527
1001,31,141.084964,151.212778,209.456389
1002,92,167.308462,53.165068,79.205079
1003,46,137.818646,154.176568,218.181760
1004,48,188.337512,91.046126,114.430427
1005,29,206.696328,136.163202,86.691642
1006,89,197.023639,146.068423,101.642301
1007,53,115.164750,175.816869,175.768341
1008,93,157.391206,182.585734,136.761964
1009,44,111.451233,144.241231,240.499506
1010,88,155.233120,39.402906,65.401604
1011,65,190.316142,35.369562,13.877834
1012,83,122.637985,172.995002,171.239777
1013,59,120.986131,31.117308,35.265325
1014,37,13.517497,122.105878,11.051348
1015,57,157.118766,152.583471,204.207556
1016,85,201.999816,142.377710,95.177508
1017,13,105.239319,129.608949,231.230207
1018,84,183.785419,134.726323,141.030694
1019,95,137.746350,61.574413,124.244459
1020,83,140.483726,168.699564,190.394443
1021,80,157.371249,132.002789,215.925583
1022,29,216.292998,113.339168,66.984078
1023,44,155.606464,163.162630,184.696032
1024,29,75.649650,88.802926,121.180716
1025,62,161.686132,179.805165,136.667482
1026,88,179.169067,72.526537,95.504309
1027,82,126.950641,32.531589,45.392924
1028,35,167.106357,161.236935,164.232689
1029,27,119.983075,174.215948,173.508008
1030,46,137.976325,180.035362,152.350006
1031,14,18.541129,124.806098,7.149152
1032,62,211.946860,60.803894,33.482096
1033,79,107.683959,136.609590,228.413585
1034,77,190.233962,95.749071,115.676701
1035,89,117.411411,148.527543,234.453451
1036,47,197.320840,150.266806,99.356854
1037,58,115.785448,53.327860,101.092845
1038,17,156.254070,148.920645,200.825823
1039,46,112.723453,134.915190,242.034301
1040,25,206.159023,146.988096,98.656899
1041,38,179.163969,169.140503,124.831623
1042,50,102.102191,134.205165,224.751938
1043,44,208.971721,127.244890,83.291308
1044,0,190.413045,30.376006,0.905198
1045,88,21.025199,100.813048,19.908318
1046,41,119.981573,164.902039,202.235955
1047,74,100.312300,29.650142,23.317114
1048,45,172.054270,132.902881,188.742073
1049,50,199.333538,52.335287,21.659977
1050,48,121.861247,117.970404,245.630686
1051,57,214.605052,122.155362,77.746671
1052,83,100.486105,154.128447,191.670250
1053,3,117.882237,32.509406,35.047748
1054,22,119.719786,112.815794,232.014993
1055,93,82.847548,28.787337,3.964674
1056,83,217.966789,87.611445,47.228540
1057,58,144.271311,176.773547,152.629956
1058,12,96.359586,133.561968,206.293927
1059,55,156.051578,45.178217,69.277139
1060,33,110.113231,169.824371,172.473814
1061,49,181.448052,167.344558,119.191842
1062,53,87.360826,28.518857,17.974607
1063,71,169.266392,94.172051,161.509565
1064,95,218.561370,108.198809,69.483964
1065,85,73.633887,115.002978,149.903091
1066,82,85.389706,80.835928,134.071252
1067,65,125.387352,57.576734,108.131797
1068,4,112.394653,76.222779,149.458773
1069,45,113.411565,121.113775,246.777595
1070,15,116.752367,112.889826,236.847636
1071,9,215.604526,125.364374,80.428676
1072,20,110.019639,149.086689,223.891142
1073,99,126.478047,29.778138,43.394476
1074,71,213.793890,80.795960,40.891397
1075,47,154.842830,110.315474,194.435739
1076,16,109.766312,107.730976,234.207869
1077,68,118.081214,105.344635,235.305178
1078,74,186.481020,122.555797,134.331983
1079,62,18.323602,117.325958,8.340677
1080,95,109.620641,147.286175,221.237198
1081,40,164.452430,176.872275,140.298567
1082,42,112.277777,166.754922,185.862674
1083,55,102.437126,147.350938,193.813972
1084,81,152.157992,38.815112,63.849595
1085,1,117.622192,138.533565,247.724238
1086,1,204.224881,142.411509,96.606993
1087,10,203.456382,55.245267,24.276059
1088,60,107.938426,110.967125,226.138727
1089,44,186.862560,160.372370,112.383837
1090,93,190.966910,37.540668,8.780951
1091,78,107.244410,149.578307,217.433573
1092,97,216.348529,109.635645,65.561377
1093,59,133.637736,177.289424,161.091015
1094,29,119.335376,57.247186,102.544955
1095,51,149.010983,44.848958,65.523658
1096,3,131.129298,156.973171,219.538038
1097,45,132.363126,109.617560,244.872696
1098,18,82.991424,25.687526,9.412843
1099,5,213.358848,80.406893,44.593049
1100,51,170.615763,173.161624,127.130176
1101,8,160.473386,79.169294,147.937669
1102,41,159.558577,231.051496,25.090389
1103,49,43.325622,168.797070,52.807555
1104,56,199.031378,54.161249,21.555668
1105,44,109.281439,111.191076,233.973085
1106,3,195.634026,37.804836,11.651761
1107,82,111.874502,25.186974,32.237764
1108,84,157.028878,42.267693,72.480690
1109,66,126.873102,33.241617,42.045244
1110,48,97.056137,139.806026,204.529778
1111,67,128.315264,162.009674,194.798272
1112,54,113.049144,156.694563,213.234305
1113,67,165.825943,181.625875,137.378154
1114,76,139.826429,120.563959,252.894486
1115,85,159.446589,111.960670,203.030372
1116,98,116.980800,57.567739,105.331300
1117,42,128.866158,146.661854,242.561650
1118,91,122.136002,151.837672,230.624396
1119,51,215.801594,112.022628,68.212160
1120,93,77.045595,25.667885,6.959294
1121,77,139.683719,115.734105,255.300413
1122,15,176.029382,172.995160,124.235922
1123,23,213.250501,129.259496,81.855139
1124,23,135.808299,162.989070,194.387919
1125,43,115.013725,25.795801,37.656098
1126,89,187.353064,93.045367,113.828892
1127,68,133.367693,116.720108,252.002892
1128,78,210.714706,84.694091,45.590871
1129,83,166.760861,53.720575,82.856786
1130,84,187.781474,109.035773,127.329670
1131,26,149.405002,183.921285,146.885081
1132,52,95.597457,134.341041,207.735897
1133,74,213.394022,79.675743,44.151366
1134,17,197.889895,152.567540,107.068283
1135,95,185.428852,138.041566,148.398959
1136,26,148.156821,137.330858,227.593281
1137,64,188.069648,126.490371,140.870954
1138,55,154.451849,150.521055,202.012105
1139,5,112.176004,123.149091,241.590802
1140,32,170.522151,90.382039,155.340149
1141,93,117.954980,114.824578,248.825327
1142,66,104.377734,165.706710,183.796015
1143,14,138.460913,152.510766,214.791087
1144,74,90.629650,77.476403,136.695945
1145,35,68.016411,67.810783,67.409406
1146,40,154.981996,177.059134,141.037586
1147,78,192.527326,32.284773,1.319959
1148,61,109.313220,142.138714,220.813644
1149,11,168.113290,87.733081,146.323121
1150,47,159.567872,182.177638,139.305746
1151,82,178.577545,66.684561,91.723468
1152,6,165.697509,164.113194,171.871823
1153,72,166.593995,136.237696,193.617599
1154,21,148.651775,161.481454,185.522476
1155,92,210.834842,113.019886,70.326243
1156,24,44.705959,189.481386,33.864431
1157,29,191.728763,37.525470,5.871402
1158,27,112.513603,170.995428,176.519510
1159,47,161.897869,143.869068,196.492728
1160,94,159.251485,144.028523,199.668133
1161,9,152.232741,77.966608,136.672635
1162,77,198.154825,48.810136,14.945614
1163,0,192.830430,127.016543,136.376798
1164,82,212.963603,84.209516,48.081344
1165,77,107.832899,117.598405,225.236049
1166,94,200.172882,55.569983,24.724918
1167,54,100.395836,152.700887,189.108516
1168,30,125.123154,114.390852,249.174585
1169,72,125.313876,148.018419,231.918855
1170,32,100.518518,123.933637,223.802905
1171,71,41.092127,146.160915,65.316973
1172,79,214.824455,82.151157,45.968551
1173,83,95.740577,153.268610,196.614750
1174,30,76.591861,88.823238,120.984042
1175,52,112.172750,113.441038,224.619642
1176,78,112.264536,111.310848,234.164281
1177,86,129.599218,150.420158,222.502771
1178,74,104.653612,23.432146,24.263673
1179,23,212.646882,71.922009,37.221310
1180,46,200.470320,55.030286,21.389093
1181,77,168.423765,89.714246,149.405873
1182,99,15.079449,122.395551,7.186663
1183,99,121.344366,29.079250,39.059657
1184,82,212.716916,68.765988,36.192437
1185,2,168.081123,178.290798,129.073725
1186,21,116.568758,111.244090,232.426451
1187,34,116.502344,109.538394,228.009696
1188,9,162.363890,77.105930,145.827586
1189,35,168.276161,175.745207,132.045021
1190,85,189.033061,107.257689,122.970505
1191,25,165.983954,89.596279,154.515784
1192,6,61.841211,98.517676,107.688096
1193,13,166.006552,86.992322,152.366690
1194,34,155.535025,48.115181,72.021843
1195,50,139.174052,179.005516,155.657554
1196,36,169.052746,55.836981,83.132221
1197,93,135.647673,119.187490,253.350683
1198,65,106.325697,108.294784,228.981147
1199,0,182.812732,73.981898,100.075113
1200,1,134.532522,112.899744,248.323966
1201,63,217.079182,102.756186,64.733624
1202,7,51.735587,201.021398,25.660134
1203,6,193.524471,118.086280,133.379009
1204,71,206.287632,143.076618,96.646239
1205,0,75.777639,28.916796,1.070386
1206,76,36.414533,92.678690,34.194239
1207,16,124.579092,56.856222,106.651949
1208,5,161.391538,79.607267,141.199558
1209,56,158.093463,160.445346,172.939771
1210,75,184.185737,138.007313,155.971283
1211,30,111.480248,123.817531,236.411909
1212,47,15.052650,118.550238,14.889021
1213,81,165.005697,94.826516,156.568750
1214,8,108.581150,147.095131,219.272696
1215,79,204.318004,53.792017,25.950247
1216,40,105.075446,159.864581,193.622775
1217,32,179.504532,64.361995,97.791326
1218,22,143.958384,182.131168,152.234983
1219,81,175.444124,174.235109,129.283631
1220,77,161.355043,83.620799,139.196958
1221,32,186.389209,128.265267,141.848865
1222,55,117.963581,55.142060,102.181525
1223,82,205.932021,48.685662,24.065008
1224,61,208.300993,75.601431,38.525102
1225,69,178.687872,166.261179,121.410864
1226,90,157.000185,51.458111,74.348414
1227,66,188.467878,91.290125,109.686564
1228,59,211.872215,104.595482,61.984255
1229,84,215.106148,87.729119,46.348374
1230,87,106.290320,127.465620,234.532929
1231,81,133.785278,106.774405,243.476569
1232,51,117.222377,108.516130,237.795561
1233,9,112.892652,113.980433,226.226943
1234,10,186.073472,37.292986,6.229369
1235,12,109.502741,135.179117,227.342171
1236,46,214.803642,125.077585,80.533827
1237,77,212.272352,90.843681,54.201693
1238,29,139.476456,164.450125,189.384362
1239,17,65.251907,219.147577,11.441680
1240,94,205.156601,135.154655,85.068586
1241,42,182.142624,137.345607,145.994282
1242,13,213.609125,73.094108,40.002395
1243,4,58.293651,215.560737,14.482555
1244,77,213.525341,84.117546,55.478441
1245,50,67.052055,29.921208,2.909757
1246,64,145.492076,166.528461,184.462176
1247,50,217.410252,95.849427,60.035271
1248,54,135.878963,110.384581,247.750971
1249,73,201.588505,56.263031,24.410931
1250,82,96.505556,152.759397,195.565614
1251,10,188.733794,98.381640,114.828416
1252,52,81.894540,31.167012,4.382254
1253,49,202.190589,143.627858,91.608704
1254,97,125.163114,114.429324,254.033525
1255,91,214.324319,73.921219,44.346834
1256,39,147.961326,93.892753,183.323045
1257,72,133.065742,29.158169,48.148824
1258,63,95.158952,24.226305,16.385874
1259,50,213.745800,126.284211,85.192318
1260,5,94.302220,135.089842,208.082924
1261,76,126.348183,116.546295,255.378910
1262,36,144.814783,181.927679,147.899178
1263,54,208.603836,71.980257,34.585296
1264,45,67.875836,228.585606,2.199243
1265,79,50.861561,205.170942,20.364134
1266,48,179.259937,145.576926,155.619889
1267,90,164.006031,159.818800,168.086162
1268,21,174.821167,111.733974,168.704423
1269,65,168.863750,54.668754,80.285761
1270,93,160.917755,84.914872,150.229903
1271,62,94.184356,140.183496,202.096324
1272,87,163.836733,179.021050,133.683213
1273,5,96.945217,152.767845,194.003832
1274,86,96.141810,142.089701,202.909025
1275,62,148.078344,71.933122,127.961783
1276,78,165.047207,87.818045,151.500728
1277,39,134.827571,114.105758,245.093596
1278,98,93.147242,27.854781,18.219065
1279,89,203.518794,147.673390,99.545937
1280,80,170.602921,154.250804,163.802627
1281,61,78.165348,89.681034,124.474853
1282,94,59.715513,203.929126,21.445387
1283,32,208.773752,74.461467,37.963566
1284,23,110.481273,115.136675,227.940540
1285,86,190.591790,88.545616,108.844205
1286,82,111.515142,170.942428,176.774118
1287,2,207.621806,63.853632,29.774352
1288,26,218.713942,94.702103,52.058845
1289,4,152.168325,230.334538,29.492279
1290,73,18.276485,119.414859,8.156862
1291,84,97.802377,206.586384,77.321996
1292,20,170.549957,93.338323,150.693184
1293,65,126.097613,73.249884,158.741296
1294,81,147.485392,151.531448,212.719617
1295,44,143.658422,163.092449,186.073964
1296,99,197.882026,160.977685,109.376590
1297,78,133.041535,35.167746,46.172948
1298,49,111.718562,27.061654,30.108778
1299,88,111.034114,129.495503,249.767039
1300,7,140.612211,166.779622,191.425855
1301,24,214.648130,74.619919,40.032344
1302,54,163.232701,142.646818,195.234432
1303,92,153.018333,97.701103,190.895361
1304,57,121.512854,116.702944,252.788801
1305,91,152.935470,161.516328,183.690885
1306,90,160.940073,120.831499,203.469834
1307,52,16.934393,121.706131,6.590273
1308,73,214.549850,95.210091,59.572349
1309,89,111.005659,116.619703,222.829212
1310,20,138.454804,123.649270,252.495808
1311,42,179.067244,143.285260,154.235289
1312,23,176.577711,148.799184,163.641795
1313,61,153.168550,44.960746,70.060975
1314,87,189.477299,83.289387,111.639951
1315,2,191.991469,165.780294,120.234661
1316,32,101.789507,146.291145,199.483464
1317,62,94.942523,96.590083,168.058970
1318,70,139.398405,114.367772,246.752924
1319,37,159.016695,108.816867,199.210468
1320,98,124.309664,156.811858,229.355926
1321,12,181.568574,146.302512,154.867270
1322,71,122.650435,111.604123,238.387709
1323,27,107.201631,26.402884,26.540883
1324,46,132.853705,161.203294,198.619195
1325,40,122.624159,161.239588,205.986299
1326,91,118.008956,175.266500,177.302626
1327,31,111.603754,170.024220,180.571160
1328,0,172.446440,119.172705,169.026869
1329,13,82.054719,25.578351,6.002350
1330,26,153.757225,43.585559,64.095027
1331,78,101.928732,129.045550,214.029131
1332,47,126.788702,144.845449,243.692899
1333,27,87.453468,56.846974,82.998904
1334,15,118.364435,137.462700,252.089958
1335,45,113.521999,114.947857,233.158417
1336,63,106.992649,165.524697,185.402704
1337,79,98.713978,51.772421,94.734132
1338,24,143.099426,230.199679,31.456727
1339,19,120.704468,143.689005,251.845266
1340,33,98.066757,127.380229,219.927588
1341,22,109.255326,122.960655,238.597327
1342,87,172.803282,61.661844,91.906184
1343,71,110.795181,156.759937,212.558879
1344,18,172.724013,156.488695,167.021948
1345,98,21.875951,109.136745,17.666544
1346,60,154.877245,159.252936,178.232663
1347,60,50.785781,125.326401,86.250254
1348,63,126.810483,146.129196,243.834488
1349,86,159.930134,130.130183,209.780578
1350,0,158.406628,149.326498,200.406926
1351,25,116.534984,31.194774,32.461070
1352,41,187.906251,87.500718,114.547693
1353,28,125.939894,163.280024,199.410460
1354,5,107.236917,146.187241,224.900045
1355,30,163.535828,156.220422,172.781780
1356,56,187.436934,140.071892,152.174045
1357,32,212.955341,73.454924,43.268980
1358,59,121.745012,111.645286,248.423098
1359,55,190.774286,115.188158,127.467062
1360,59,106.951285,114.598750,225.583005
1361,90,162.957938,177.434965,143.031312
1362,78,183.006577,138.177020,144.303633
1363,59,218.944886,115.136763,72.466949
1364,77,66.069092,64.452621,67.009508
1365,93,211.363833,71.985089,41.255645
1366,59,129.049698,81.118386,168.287274
1367,52,178.317328,70.573149,97.363432
1368,31,138.983420,177.287956,156.502745
1369,59,155.228371,72.564307,141.589778
1370,6,26.905584,99.969735,31.651454
1371,83,205.857631,138.026641,92.714979
1372,73,152.312402,149.248855,204.013271
1373,54,186.078086,32.260280,8.627978
1374,92,212.218787,68.825937,40.148160
1375,29,128.798192,155.929973,224.105422
1376,41,158.538152,48.863256,69.086959
1377,12,172.402902,151.215676,164.341954
1378,36,158.262440,112.161286,196.453689
1379,92,186.723174,119.880994,136.768794
1380,78,181.244016,139.505179,149.436109
1381,53,215.729015,86.520701,47.850621
1382,14,164.318248,47.695778,74.495815
1383,53,112.389002,122.937691,238.018194
1384,93,213.866258,93.818127,52.991005
1385,97,128.861806,183.285441,162.415420
1386,6,113.526490,169.847689,178.252391
1387,80,99.934272,125.729038,213.844423
1388,10,103.712400,150.786685,196.399480
1389,99,129.338399,179.376199,158.951239
1390,55,158.488055,46.336923,64.370286
1391,54,180.849246,138.825301,145.969092
1392,79,124.565836,178.218557,167.337563
1393,29,95.360861,138.101725,198.027601
1394,0,110.108519,22.844446,30.239704
1395,75,102.072121,116.003820,222.337104
1396,18,213.294961,74.255718,34.421032
1397,46,200.493798,57.968281,26.300558
1398,26,118.413555,28.255176,34.976311
1399,51,172.857639,107.769913,165.514826
1400,52,199.514935,155.171063,105.965691
1401,25,106.203978,158.486721,188.562834
1402,33,175.335443,172.915012,127.112213
1403,43,71.623127,32.747435,3.723017
1404,67,112.511351,31.125879,36.333495
1405,30,163.894877,119.910270,206.128062
1406,77,37.772251,89.517295,34.676742
1407,55,143.817910,181.339666,149.277467
1408,46,161.327441,50.763654,70.122079
1409,37,187.445433,99.708475,117.074540
1410,44,98.554215,126.699752,211.759103
1411,16,100.984076,136.378558,210.035532
1412,61,41.140102,163.497191,52.007090
1413,61,178.400025,172.540754,119.964747
1414,6,156.316139,159.180106,181.587349
1415,43,114.579946,152.329043,216.053183
1416,10,108.804883,125.108679,231.629657
1417,43,100.875613,51.482293,90.028921
1418,99,89.670133,82.286814,134.631771
1419,74,208.822095,74.994951,37.044889
1420,37,173.736253,64.826341,87.535629
1421,18,208.952196,70.275487,38.454351
1422,4,211.499759,64.050981,37.245659
1423,23,38.767681,156.584237,61.407590
1424,53,123.106789,152.366437,228.818724
1425,4,95.794168,141.431922,202.356567
1426,28,91.654677,56.616317,88.892559
1427,71,181.105819,81.433602,105.520215
1428,88,168.697618,96.535893,157.796451
1429,96,137.012858,37.092890,50.224455
1430,26,168.814120,51.596079,80.076489
1431,26,159.655140,43.666216,74.761658
1432,17,20.612282,124.878471,11.755732
1433,2,117.824489,127.670666,246.128403
1434,44,190.808058,118.159246,134.690250
1435,12,146.374170,37.561140,60.202788
1436,0,115.477359,29.516388,34.544353
1437,94,60.382972,212.438325,17.758867
1438,77,123.236651,174.062761,166.626824
1439,96,74.782051,58.449167,67.222058
1440,23,149.695543,44.789450,63.554910
1441,7,124.273414,55.412595,106.422366
1442,22,104.811613,114.562486,223.159992
1443,97,78.059146,62.517207,77.369438
1444,96,186.790513,165.525234,116.449684
1445,60,71.539899,29.082274,1.462693
1446,85,185.457341,135.132584,145.792700
1447,57,187.750420,139.001944,151.659855
1448,55,192.887817,127.786541,136.807852
1449,54,105.790061,145.773995,222.197222
1450,43,170.855221,155.201378,160.995305
1451,5,101.929042,24.883409,21.115020
1452,41,168.912132,129.736287,179.740733
1453,21,138.869144,169.717604,194.361506
1454,91,125.791211,166.671277,201.510751
1455,96,142.893489,164.350204,189.791469
1456,90,195.148608,39.835183,14.416256
1457,15,76.327711,61.175229,74.239932
1458,12,155.374881,46.831219,63.689829
1459,67,133.968488,148.000543,234.732833
1460,40,167.414703,158.944039,175.360598
1461,50,124.419843,150.331057,231.126012
1462,71,185.937289,89.392112,113.637070
1463,73,149.758466,152.966870,206.265796
1464,70,200.218722,54.040161,20.362955
1465,91,93.662624,25.003151,16.502972
1466,29,174.185617,171.779104,127.796462
1467,71,155.261733,178.906715,137.821916
1468,31,129.942478,153.176317,223.798663
1469,74,177.062896,64.634125,91.363619
1470,81,157.994236,118.499070,207.986041
1471,51,203.594457,149.088582,98.011396
1472,86,203.277815,140.010899,94.206386
1473,82,110.973719,112.444234,223.398012
1474,52,149.044867,73.367519,127.801557
1475,85,139.695561,113.619037,246.000115
1476,70,92.870403,27.719384,15.006860
1477,22,211.180663,74.088481,41.368331
1478,80,26.392784,102.626213,24.751806
1479,25,177.286974,168.205800,123.347665
1480,20,190.379101,92.359861,113.333679
1481,92,138.237005,169.648576,192.862360
1482,87,187.931500,120.511088,131.461816
1483,86,187.548261,159.731544,112.351829
1484,36,120.945272,152.809375,226.060867
1485,38,154.267108,102.311091,195.770349
1486,83,74.655128,120.639658,152.785012
1487,60,192.430462,122.324198,137.613888
1488,60,152.383881,179.212988,142.257501
1489,75,116.438678,32.634927,35.264583
1490,3,131.575638,162.677886,193.701558
1491,57,104.281048,121.551989,217.989343
1492,23,103.256784,124.493955,219.476388
1493,42,46.067328,74.894198,47.776803
1494,36,210.141459,67.118582,41.447507
1495,92,122.480218,159.845024,199.320076
1496,83,180.368536,174.861053,129.491821
1497,50,91.860790,23.596909,18.465699
1498,47,183.024421,165.656723,117.417998
1499,52,172.098339,113.250174,174.356659
1500,92,214.136151,100.418103,60.340690
1501,0,101.135337,122.925310,213.945015
1502,24,95.193753,140.581632,207.017622
1503,51,166.175132,178.162070,137.073509
1504,79,79.726660,81.930860,129.791745
1505,10,116.943394,110.520563,238.602364
1506,10,111.278879,115.821799,228.792214
1507,73,146.093307,182.740477,148.154715
1508,96,197.829911,38.537950,7.669534
1509,32,194.939047,33.742359,4.679701
1510,57,113.337015,109.775179,231.868724
1511,97,139.672644,35.322909,48.784873
1512,62,138.438971,161.705184,193.792591
1513,29,55.477074,68.273405,59.408436
1514,62,44.287066,147.836143,63.953431
1515,95,67.045097,25.271218,2.016918
1516,2,206.046602,66.016548,31.649669
1517,79,214.891327,85.709181,52.895515
1518,86,218.448094,94.589795,55.893662
1519,85,111.087327,152.352069,221.907907
1520,67,187.233667,126.470358,135.333340
1521,32,214.129761,116.575131,71.141354
1522,73,188.828613,90.985238,106.094307
1523,34,186.184122,131.943541,141.313889
1524,76,81.723966,22.805503,10.677041
1525,92,107.936053,168.046486,182.536345
1526,38,125.052260,167.421379,203.897797
1527,4,50.374499,73.083776,55.716468
1528,64,168.609880,138.020420,191.999641
1529,83,119.561751,111.510127,250.429704
1530,79,43.075856,186.582247,38.384861
1531,44,111.491848,127.632444,240.716318
1532,5,136.614319,111.666358,250.350878
1533,38,181.568060,80.003455,99.892766
1534,0,165.157675,86.043325,149.933241
1535,48,166.750281,83.601945,151.872910
1536,17,177.946884,172.696713,130.671509
1537,99,122.632816,108.491948,238.608405
1538,51,129.866696,30.136229,41.282693
1539,92,98.351468,150.032641,196.394848
1540,64,215.535756,77.635643,44.833790
1541,17,160.415904,48.905134,72.909055
1542,65,136.287927,143.306148,241.796980
1543,22,150.089488,165.635063,181.791701
1544,72,182.171715,229.591864,1.110879
1545,9,162.455331,176.839921,136.357909
1546,92,198.974342,44.224769,13.087178
1547,40,70.615873,96.801882,113.985893
1548,65,148.386849,178.187501,149.238067
1549,35,133.766325,177.860783,161.921174
1550,18,115.622777,163.230970,206.165540
1551,86,143.992778,178.503622,151.552159
1552,49,108.707853,164.797025,181.874178
1553,8,110.297316,111.378018,228.713822
1554,61,54.909103,68.262422,62.835256
1555,40,117.409326,118.024412,255.702281
1556,38,179.272488,142.597782,154.948313
1557,90,189.659334,121.168321,134.517134
1558,51,129.407278,113.313263,244.088835
1559,87,40.464459,80.467764,46.364240
1560,86,105.677635,129.821302,230.085058
1561,69,141.589289,90.716173,174.763354
1562,98,215.037374,95.606369,57.886507
1563,23,114.229246,176.467210,169.217654
1564,28,214.338518,92.263526,58.040572
1565,59,120.432826,112.700044,250.461134
1566,6,176.039425,152.103280,163.815865
1567,39,121.392352,28.572782,37.841266
1568,41,118.581042,160.562272,207.852460
1569,27,213.538859,92.124182,58.595002
1570,12,155.052984,107.690706,201.795145
1571,15,79.164513,190.351679,88.203503
1572,20,144.162844,151.981736,205.208109
1573,81,178.845617,172.804751,121.872891
1574,8,115.496484,173.379549,170.174922
1575,50,118.271129,175.340150,169.583505
1576,66,133.923521,115.456482,252.369153
1577,35,174.106943,167.158352,126.317881
1578,27,113.086052,29.130760,33.316593
1579,53,132.296686,63.613421,118.647773
1580,6,194.800637,109.441345,124.854007
1581,3,100.157823,25.511454,23.103565
1582,19,159.010163,180.481863,136.980958
1583,6,216.860524,97.901724,58.826510
1584,99,127.515501,179.688861,170.975917
1585,68,157.349527,145.451050,196.217093
1586,34,105.984513,134.988847,231.646299
1587,44,102.600556,154.872777,192.333911
1588,84,151.831323,153.432282,203.260719
1589,3,172.797477,127.069811,188.999684
1590,33,158.150786,49.620156,75.192760
1591,46,153.719829,166.424774,176.158125
1592,38,67.416261,65.589924,68.726515
1593,11,209.378869,71.323321,38.361557
1594,75,149.553465,93.642868,182.238452
1595,8,190.910437,37.588771,7.109300
1596,25,102.004988,26.525553,23.996746
1597,24,164.492299,51.112454,70.496472
1598,2,210.730607,91.225676,53.792611
1599,15,140.810071,36.925512,54.558058
1600,6,216.744792,103.599698,60.238613
1601,69,210.448061,86.130708,50.230695
1602,43,63.787506,150.949163,120.802239
1603,4,110.768588,123.119129,236.821956
1604,62,146.335870,164.228232,186.970597
1605,85,176.995518,61.974351,89.731999
1606,40,189.186445,90.660866,114.611071
1607,65,104.605292,154.818755,191.263932
1608,2,114.830331,142.427259,237.865811
1609,77,48.912841,118.502448,90.176385
1610,11,138.381199,161.641016,194.323319
1611,12,147.222191,39.659009,57.054409
1612,95,90.740592,200.867275,83.792175
1613,38,89.784659,56.954380,81.123539
1614,69,215.351779,113.854347,71.569549
1615,27,213.404321,114.801399,69.217722
1616,11,211.425203,103.284796,62.475933
1617,12,114.074574,117.884207,241.786588
1618,91,144.052834,233.154227,32.208155
1619,37,213.885280,77.281124,49.033667
1620,93,160.568785,47.706056,76.351760
1621,6,77.362193,110.554247,162.097565
1622,92,183.778464,130.677427,147.063311
1623,4,156.784462,125.917343,212.096478
1624,7,23.952645,108.325104,21.370737
1625,8,116.158304,107.044480,231.467048
1626,95,102.466639,157.321149,188.898867
1627,46,19.832028,109.549889,21.346179
1628,58,186.623765,140.047547,151.776733
1629,3,187.036965,108.979922,122.414761
1630,5,146.018226,183.128525,150.457595
1631,34,129.388485,27.901531,43.181246
1632,90,17.012246,113.661414,14.132198
1633,53,173.929784,177.454844,132.807488
1634,64,107.788601,28.624605,28.556266
1635,65,135.137804,169.432266,194.336687
1636,71,74.520916,86.328024,119.176210
1637,36,155.315301,76.440743,139.281491
1638,90,162.524095,53.641926,71.919472
1639,30,174.486343,174.150764,132.568089
1640,22,132.615691,151.598465,218.430523
1641,12,99.705383,121.704208,216.548682
1642,62,119.161042,178.953082,166.658710
1643,84,124.134396,116.477959,253.319898
1644,44,192.481440,159.455229,116.833728
1645,33,73.280697,65.031348,70.689095
1646,48,96.081918,92.087269,169.058123
1647,4,164.003014,140.918936,196.475121
1648,55,41.875430,158.953726,60.079053
1649,90,128.758792,176.357207,158.216839
1650,68,167.631119,51.048619,77.614463
1651,62,125.695823,110.491607,246.983851
1652,35,199.909126,49.894881,19.758151
1653,43,108.591012,117.231579,245.672445
1654,62,14.932130,131.276183,2.096177
1655,13,114.953872,26.584353,32.649448
1656,80,192.118953,125.597672,143.871208
1657,51,156.378416,96.916916,188.741681
1658,15,181.318398,164.088782,119.735186
1659,15,82.121121,26.169640,12.613913
1660,10,106.347789,149.259444,217.752944
1661,9,186.972047,101.309529,121.429153
1662,0,130.991923,164.042460,200.544783
1663,12,106.478997,130.086793,236.127936
1664,31,170.651322,56.592020,86.984635
1665,40,113.079378,174.802016,175.624635
1666,46,200.856655,55.094148,21.168237
1667,37,104.430523,121.424459,215.016293
1668,58,148.667053,160.403060,183.413979
1669,10,192.336434,121.162888,137.490850
1670,3,103.837969,160.212189,179.605046
1671,74,50.917829,117.881959,95.855706
1672,17,136.638604,39.554841,57.987705
1673,80,153.724023,71.498600,138.473539
1674,90,187.395070,109.102686,126.635426
1675,91,196.141444,39.368576,16.269993
1676,91,139.574111,151.276556,216.716018
1677,15,100.906743,121.383726,217.387921
1678,9,215.359871,117.030247,71.768515
1679,22,206.615576,59.010984,31.916258
1680,77,209.834884,142.131432,93.733530
1681,50,157.554839,42.296737,70.970272
1682,93,185.693960,86.302459,109.075884
1683,60,145.840660,165.181395,186.686085
1684,81,191.799139,114.046420,129.098049
1685,9,188.971696,101.581893,119.499127
1686,17,129.244469,165.859560,195.339350
1687,1,36.402774,86.132640,40.377135
1688,75,120.125487,28.699880,33.676643
1689,54,169.393704,157.271983,160.587713
1690,31,165.100214,57.564041,85.540700
1691,56,152.119099,148.331271,206.603240
1692,27,138.552007,61.231671,122.207604
1693,67,49.154412,182.252174,41.027507
1694,84,174.701193,63.219528,92.850842
1695,52,196.939409,151.615920,101.005041
1696,85,192.109094,109.690206,127.397505
1697,28,129.511350,163.421979,197.622432
1698,11,94.437583,139.064063,201.936991
1699,8,214.685653,95.875518,59.898403
1700,42,111.097947,29.862512,31.714239
1701,96,93.321577,142.720368,203.293960
1702,14,114.088580,127.480037,251.598941
1703,88,152.365016,150.040629,207.354298
1704,18,122.191379,163.146008,203.369993
1705,74,52.920970,103.118295,101.359526
1706,30,98.096982,133.941283,208.469044
1707,6,104.726407,146.811008,224.341520
1708,8,124.549839,24.914677,42.852320
1709,76,99.512459,118.953437,220.789930
1710,83,52.352147,70.777454,49.765440
1711,87,209.946147,68.703659,38.982573
1712,15,64.912850,92.407491,117.257022
1713,0,198.099860,41.283676,17.435999
1714,46,214.861963,94.176608,62.874207
1715,50,115.825701,29.698026,30.173232
1716,48,103.224760,162.523388,184.603276
1717,56,156.516654,162.268890,177.680590
1718,4,118.433753,165.969008,207.853472
1719,33,183.662619,166.978592,120.797761
1720,94,122.483530,107.044820,239.269470
1721,93,139.393004,116.954849,250.719097
1722,83,189.254507,112.138443,124.801168
1723,29,147.015419,162.030044,190.534430
1724,91,217.162466,100.730811,59.677471
1725,98,199.979493,50.228549,20.699928
1726,30,158.062618,79.691975,141.407995
1727,85,37.923958,83.626297,37.789945
1728,12,210.747147,63.420665,35.373536
1729,83,192.602521,157.141044,113.266005
1730,71,119.436303,58.484806,104.928291
1731,51,173.768932,106.072047,170.626592
1732,50,212.653455,94.770931,50.705857
1733,69,141.163992,38.251868,55.629151
1734,46,185.588142,128.844063,142.243886
1735,58,116.857429,138.404162,240.652330
1736,16,101.047486,130.510880,208.381723
1737,51,168.516855,97.138388,157.181303
1738,5,97.950664,29.363587,20.669652
1739,73,144.006074,66.140095,126.731793
1740,34,16.874264,126.145753,1.301557
1741,22,213.748275,114.733937,72.799805
1742,5,123.764705,178.051407,169.654340
1743,26,180.859072,84.571643,104.045061
1744,55,130.719549,157.862192,227.212569
1745,99,184.383646,170.710325,123.438607
1746,55,138.840227,175.102382,159.566445
1747,23,119.425584,111.544759,237.471306
1748,55,209.977668,87.996719,53.901545
1749,29,60.287356,218.703357,12.313024
1750,99,113.648572,132.940583,243.322195
1751,2,113.349141,176.139753,171.505827
1752,99,167.178198,104.815836,162.854302
1753,87,97.580158,30.794220,17.982772
1754,73,191.925620,114.829286,133.711410
1755,97,142.731400,165.671093,185.931692
1756,9,136.235425,114.525265,245.548564
1757,39,147.218199,39.305119,65.916308
1758,72,173.017089,106.281039,168.906869
1759,48,180.923359,69.962177,90.261170
1760,89,102.826925,25.376010,24.817572
1761,91,212.985196,96.644307,57.679098
1762,77,144.280215,135.716065,235.803927
1763,84,115.569219,52.917795,104.537293
1764,42,82.081230,108.466420,154.023452
1765,83,130.536960,162.643650,196.729236
1766,26,134.970302,84.314358,171.529539
1767,17,215.341391,103.015655,56.442384
1768,0,208.259404,130.352083,85.112407
1769,66,108.806395,166.571129,180.925909
1770,13,121.186160,146.785115,251.683453
1771,49,124.239738,28.468227,44.798025
1772,28,188.151536,108.869345,127.988029
1773,54,143.527307,163.771192,185.259532
1774,67,209.625177,87.836761,45.629239
1775,31,103.043942,156.467286,192.459935
1776,96,216.476486,125.653449,78.034564
1777,83,56.866805,65.687631,59.996945
1778,16,149.106820,38.471600,62.438942
1779,72,172.504963,112.115923,166.311391
1780,17,168.671890,155.688724,166.048693
1781,22,94.168746,25.856651,19.400874
1782,94,210.062560,65.851237,36.912523
1783,48,98.139887,127.376419,208.540284
1784,22,210.091297,140.865939,91.296418
1785,92,147.604674,165.322069,181.429949
1786,21,190.460795,86.382190,108.441913
1787,29,119.054008,56.617272,104.647598
1788,40,135.786448,163.940921,192.900894
1789,77,169.103831,59.820094,83.353863
1790,28,124.937036,175.855735,163.369348
1791,74,142.054838,124.128783,255.679035
1792,41,128.745084,166.488685,197.287553
1793,43,195.290326,36.007874,6.027863
1794,2,193.232671,155.941798,105.900819
1795,61,170.444784,58.294010,82.996715
1796,66,185.678320,139.428793,152.964631
1797,92,193.293193,103.968032,119.661550
1798,35,101.409862,57.083805,91.577840
1799,20,63.282560,94.950509,115.514318
1800,24,101.206475,121.460366,225.500208
1801,34,95.214054,133.210645,210.289048
1802,37,204.705654,57.869725,30.784368
1803,73,212.587989,136.858188,84.706746
1804,55,18.578412,118.289078,12.171136
1805,62,118.737269,222.414653,49.800942
1806,94,172.315098,149.264091,164.770595
1807,11,32.930631,89.099707,39.874291
1808,55,157.876806,182.853715,134.404737
1809,96,181.848921,66.202416,92.332916
1810,32,187.851251,96.676616,114.211468
1811,40,37.089795,92.682269,33.091547
1812,55,204.010399,47.866259,15.810899
1813,61,185.893658,33.324168,3.021876
1814,3,187.719119,31.715102,5.385170
1815,96,192.001761,32.583247,7.002690
1816,90,114.674170,122.867217,255.310235
1817,29,157.242389,48.743362,73.637400
1818,37,95.161152,146.623635,201.655432
1819,32,143.019650,165.987010,192.137487
1820,32,175.869511,60.666812,90.603184
1821,16,105.668993,137.259411,228.374673
1822,34,141.283654,118.841650,254.071425
1823,21,213.602177,118.496406,78.716327
1824,3,100.518844,161.492880,188.995490
1825,33,125.140670,149.481088,227.154651
1826,47,161.956460,181.835267,140.560116
1827,84,58.919594,67.669786,61.987753
1828,27,160.182774,140.397740,194.397206
1829,96,81.114249,84.171860,125.117989
1830,81,141.092509,182.349362,150.378364
1831,53,170.518472,232.333034,12.998435
1832,1,46.892756,118.489013,89.145417
1833,15,205.599711,129.227671,86.621384
1834,86,140.459445,86.507154,180.215637
1835,61,172.121498,120.746013,178.333211
1836,91,182.648361,78.343311,101.165109
1837,59,192.202385,43.818235,11.948250
1838,50,114.852128,109.743687,235.593148
1839,81,165.854337,133.863898,190.781769
1840,83,158.195643,148.536897,199.878126
1841,67,146.086721,89.524601,173.130264
1842,84,189.162956,85.400362,112.991327
1843,95,106.688631,80.626325,145.088733
1844,37,107.301716,24.583891,24.196918
1845,11,146.317229,183.638825,153.742096
1846,98,98.626150,157.929786,191.454910
1847,23,204.668564,144.430853,96.925381
1848,78,141.870548,163.710256,183.897788
1849,28,106.326139,142.155783,222.278750
1850,16,163.282663,47.063500,74.273591
1851,9,108.547963,155.702160,215.983888
1852,97,97.906102,130.810783,208.657603
1853,64,120.332509,27.382705,38.753224
1854,12,144.514127,138.979723,224.716051
1855,13,121.805748,54.754512,105.638959
1856,6,172.521339,177.636446,125.058444
1857,93,92.393962,24.518755,14.461797
1858,72,184.327280,80.474083,102.706301
1859,38,157.629607,177.962419,137.946905
1860,94,115.915238,123.740990,252.916428
1861,11,127.409947,178.014988,162.455051
1862,89,148.934538,162.383354,186.773672
1863,57,193.361076,123.603051,135.858641
1864,17,201.494869,52.978264,26.373932
1865,29,170.814323,158.014274,170.124825
1866,52,159.071923,149.040557,197.581418
1867,22,155.079812,164.613836,178.410821
1868,58,115.105665,114.385794,231.308733
1869,31,213.895307,101.691289,60.470594
1870,62,187.422281,131.349340,141.843776
1871,70,43.470619,179.919820,40.328220
1872,17,117.650469,29.115269,35.759058
1873,95,204.662237,137.864433,96.043363
1874,22,171.469764,150.156386,165.477456
1875,32,147.863905,164.927742,187.920715
1876,39,143.226514,80.677054,174.240302
1877,12,46.941312,187.834534,32.280971
1878,65,85.100777,28.972657,16.400926
1879,48,78.368530,28.257410,6.389630
1880,94,145.289406,83.153549,177.037204
1881,3,140.926418,168.019463,190.945764
1882,69,102.287130,56.747602,95.493483
1883,39,107.325598,141.785853,224.670926
1884,4,187.264322,159.205155,114.794484
1885,52,148.736336,92.599291,176.653940
1886,57,66.238857,89.335042,119.855992
1887,17,86.902558,53.615837,82.736636
1888,87,185.466971,135.642810,148.999500
1889,47,134.636075,229.063372,36.045411
1890,48,123.497214,56.505240,109.676290
1891,56,140.519055,114.647757,255.851183
1892,23,173.170560,129.072480,183.252209
1893,64,114.467780,121.258757,253.983872
1894,28,125.552582,225.854765,49.694660
1895,81,211.949276,114.032490,69.635618
1896,73,200.159851,146.629719,96.550729
1897,85,105.505588,52.278580,93.298816
1898,0,194.717547,159.744049,114.488392
1899,7,119.380137,31.912745,34.930534
1900,77,205.149519,62.116334,28.185074
1901,10,93.399026,131.299585,209.984572
1902,73,142.162155,168.452132,191.549342
1903,55,94.420438,25.521512,19.367371
1904,52,133.011453,28.926386,49.227119
1905,71,121.100972,113.279714,237.456008
1906,85,105.226381,57.078891,101.414525
1907,96,119.053223,54.898651,113.257981
1908,34,111.854217,151.005224,223.031631
1909,35,153.688892,164.259680,178.426347
1910,92,158.364072,181.347132,137.927166
1911,46,152.801867,72.210258,142.893813
1912,74,111.627811,26.722912,35.621182
1913,52,193.782043,44.876705,18.219636
1914,69,60.343160,67.360237,60.054277
1915,85,183.940015,163.910344,121.608742
1916,98,145.087986,132.962391,241.317058
1917,66,121.832479,172.594134,175.858728
1918,54,188.628690,135.555631,145.566674
1919,36,204.416283,53.770495,24.003519
1920,23,104.646759,141.922886,229.498745
1921,87,95.924183,147.077350,192.079169
1922,42,97.208209,152.560160,198.298532
1923,8,109.286738,143.120550,226.555032
1924,9,105.859392,53.120511,98.926352
1925,13,99.852328,120.104464,217.510266
1926,55,186.483336,75.400521,98.645913
1927,65,169.851468,178.491996,128.439978
1928,51,108.053010,123.830761,236.643347
1929,49,186.173608,79.389500,110.636622
1930,79,159.246817,180.550240,139.437363
1931,72,21.376131,114.235631,16.790277
1932,52,176.888134,173.761462,122.091208
1933,79,168.618788,157.716283,169.806785
1934,22,163.191151,158.604225,166.314550
1935,22,78.245195,30.596187,9.766485
1936,38,198.461803,43.070000,8.713141
1937,17,153.740062,38.833025,61.490202
1938,45,158.852865,108.962774,201.297039
1939,31,216.640649,106.169011,64.785658
1940,7,111.909602,137.945073,241.000735
1941,63,96.928500,133.640594,211.199517
1942,72,210.385785,94.778970,52.272692
1943,94,126.368295,177.637496,167.971573
1944,20,161.343772,178.860897,138.645465
1945,79,116.980819,152.321711,212.992280
1946,23,19.077146,119.576715,8.753813
1947,22,45.263268,73.194873,49.407905
1948,45,95.375727,121.280756,213.196177
1949,17,118.219902,220.203835,54.244516
1950,21,165.072142,177.381238,131.369040
1951,34,216.697307,105.090074,71.068892
1952,93,211.413693,122.036989,70.394242
1953,84,210.779924,80.325246,48.448099
1954,20,118.355551,157.919726,206.222116
1955,9,214.082311,124.304804,80.377239
1956,61,43.399787,182.845920,43.159774
1957,95,104.054674,113.881846,224.124766
1958,84,104.653285,144.446784,224.441056
1959,37,161.918082,80.467528,145.195435
1960,7,109.655774,111.428967,225.035355
1961,26,106.476557,132.971458,232.571626
1962,57,64.562259,96.027776,108.964858
1963,77,135.866694,117.740040,253.694363
1964,80,187.042839,106.505095,126.757944
1965,99,191.744007,94.322912,112.056372
1966,41,124.893705,161.672648,203.869793
1967,48,166.551770,180.573336,131.962029
1968,4,192.708127,154.494972,108.525165
1969,58,66.346442,229.998953,1.264946
1970,70,129.923098,153.553666,221.323445
1971,60,180.278002,163.921962,117.415423
1972,91,143.289404,164.133642,187.448926
1973,2,135.748624,35.395036,53.270262
1974,42,212.979069,121.662558,77.572031
1975,31,116.644586,117.729593,243.059984
1976,46,143.579096,38.326207,56.647320
1977,44,49.890204,200.220308,22.037616
1978,78,212.574236,132.665903,85.215206
1979,96,167.085797,58.253505,81.403827
1980,3,208.310093,55.499982,28.415040
1981,28,112.731447,144.542596,216.510791
1982,66,155.082626,40.402123,66.402396
1983,79,181.712766,140.081743,154.377821
1984,61,217.918083,108.406755,70.933010
1985,12,187.432571,105.405985,121.632373
1986,79,106.801341,120.429324,218.495868
1987,60,157.452573,121.514130,207.937849
1988,3,141.858808,119.810240,249.029734
1989,95,162.391817,177.987552,140.242660
1990,87,107.098430,141.280237,220.188108
1991,45,182.384116,83.326960,105.131965
1992,88,117.313541,107.756520,229.589836
1993,74,105.786340,91.749118,183.673610
1994,86,88.244392,29.608879,13.034732
1995,0,154.354752,44.821024,67.302905
1996,77,104.902180,130.169199,230.319555
1997,58,137.460178,158.560347,219.007551
1998,91,108.451516,141.223092,227.869007
1999,12,143.427561,39.463828,61.765336
